,text,label
0,"My question is why are your presenters using such provocative language to describe how our ADF personnel are assisting with the pandemic in Victoria. They are continually using the phrase the ADF are corralling people, as if they are rounding people up like animals? Please reply.",0
1,RT : Sort of obsessed with how Miller doesn't either offer his umbrella to his wife or at least try to hold it over her as t‚Ä¶,0
2,"Onto your next dumb reply, stop shifting blame. You're acting like every dumb American who didn't care about covid is related to ""#Qtards or #MAGAts "", so every college student who didn't care and went on spring break vacations ever is Q? Damn that's some real misinformation.",0
3,Parents of a student at my school refusing to enroll their child in face-to-face classes BECAUSE all the students/teachers will be wearing masks. One of the few examples of stupidity actually SAVING lives in this pandemic?,1
4,"Please release your data on those same things. Just focus on the suicides. People keep calling bullshit on Covid numbers, bringing up suicide as a counter but don‚Äôt have those numbers either. Fight facts with facts or stfu.",1
5,RT : The mask is a political armband you wear on your face. It is not meant to protect you or others from disease. It is me‚Ä¶,0
6,That is a little different than housing covid patients in nursing homes! They weren‚Äôt allowed any visitors and died alone- they were murdered!,0
7,"The Democrats are like cotton candy, come out fluffy and then melt away. How Democratic is that ?#COVID19 #ILAND #StreamWatermelonSugar #iqrarulhassan #melting #twitch #MoneyHeist #coronavirus #myfuture #Arewa #RipCity #Lootcase",0
8,"RT : Keeping a physical distance from people to prevent infection is one thing, but what about the air we breathe? Experts weigh in on w‚Ä¶",0
9,"That‚Äôs fine. IT is a personal choice, doesn‚Äôt hurt anybody or add risk to others whatsoever. Temp checks mean nothing. Dr Fauci and CDC never recommend this. Masks, distance, avoid crowds wash hands.",0
10,"Same reasoning as 1000s attending all the services for G. Floyd, but when & PA DOH sent #COVID to our local nursing home, infecting 73/83 seniors, 19 deaths, families not only were denied any & all contact & funeral services,but Pa govt ignored all calls for help.",0
11,Maybe because you and I are not doctors. We don't know what is going on with this patient and his doctor. My guess is that they take it for two weeks to stop any potential side effects from covid.,1
12,Ladies and gentlemen allow me to introduce our governor doug ducey... the only man to suggest his way through a pandemic and spend more money on his suggestions then on his constituents.,1
13,"Want to order a pizza, but you're trying to lose weight and not sure if you want to risk catching Covid from the driver or the people making it. Hmm.... vegan dinner it is tonight! (No I'm not a vegan, it's just potatoes and veggies with some butter.)",0
14,"#PresidentPelosi if you try to cancel the election. 154,000 Americans dead who didn't have to die because of your INEPT CORRUPTION #COVID19 #JusticeIsComing January 21, 2020.",0
15,"RT : Today at 5 - ""If we can maintain physical separation at schools we can begin classes this fall in a fairly safe manner."" A‚Ä¶",0
16,"RT : So why do we think Mr Trump has turned his attention to COVID in Oz, which, tho alarming, is nowhere near as bad as ot‚Ä¶",1
17,RT : That's a projection of a daily average of 1363 for next 22 days . To put that in perspective: Thats 9/11 every 60 hour‚Ä¶,1
18,We need to caretake the political institutions that we will still have to live with post-pandemic. Giving a pass to serious matters on account of a crisis is shortsighted.,0
19,"RT : This kind of loss is unamginable. To all of you who choose to party, walk out of your home without a mask, disregard t‚Ä¶",1
20,"I'm sneakily watching the fighting game publisher round table at my dad's birthday bbq but honestly I don't expect much aside from ""ugh covid 19 really hurt local fighting game tournaments but shikatanai nothing we can do""",1
21,Every time when I see this my BP goes up. This Covidiot is in more than one way very bad for my health and the health of our fellow Americans.,0
22,"& , the US Senate went home for the weekend with no action on coronavirus relief. Federal unemployment benefits will expire tomorrow and rent is due, with millions facing potential eviction. This is NOT okay. #ArtsHero",1
23,what if they put Harry Potter into the pandemic shit just so he doesnt happen and what if instead of being a story about how humans got superpowers through dark magic they went completely dark dark sword and shield,0
24,Prophet Mohammad also taught his followers medical isolation so he ordered them not to enter the places affected with epidemic diseases and not to leave it in order to prevent the spread of diseases.,0
25,"RT : #BREAKING #news EU GDP fell 12% due to #covid19 Under Trump's INCOMPETENCE, the US GDP fell off a cliff with a 34% decline i‚Ä¶",0
26,"It‚Äôs really unfortunate that COVID-19 is non-discriminatory in when it kills, when it inconveniences, and when it doesn‚Äôt make itself known at all. Ah well, that‚Äôs the nature of a virus. A plague on the other hand...well, you‚Äôd know it intimately, seeing as you‚Äôre part of it.",0
27,"RT : You can help slow the spread of #COVID19. Wear a cloth face covering, wash your hands, and stay 6 feet away from others. Each h‚Ä¶",1
28,"AOB before sign off: the virus is real. Wash your hands. Wear a mask. Be smart. Winter is coming...to hell with conspiracy theorising fools thinking themselves smart. They should live it. Volunteer in a hospital, assholes. I‚Äôve seen it, it‚Äôs tough.",1
29,RT : Manhattan covid deaths: April: 1000+ May: 439 June: 52 July: 18 There is a path out of this if we do what we're suppose‚Ä¶,1
30,"United States Corona virus Cases : 4,705,018 Deaths : 156,741 Recovered : 2,327,072 Projections Closed Cases 2,483,813 Cases which had an outcome 2,327,072(94%) Recovered\Discharged 156,741(6%) Deaths #covid19 #covid19update #corona #coronaupdate #covid19US #coronaUS",1
31,"160,000+ Americans Dead from COVID-19. That's more Americans Dead than D-Day, 9/11, Korean, Vietnam, Afghanistan, Iraq, and Gulf wars combined! Is there no one in your life worth protecting? Is there no one who will mourn you?",0
32,RT : Sort of obsessed with how Miller doesn't either offer his umbrella to his wife or at least try to hold it over her as t‚Ä¶,1
33,Oh people should not be in crowds also we can spread the virus by protesting with a hundreds of people ü§°ü§°ü§° either u agree with social distancing rules or u don‚Äôt,1
34,RT : So let me get this straight.....the pandemic is so out of control that we need to delay the election but it is so under cont‚Ä¶,0
35,"RT : This kind of loss is unamginable. To all of you who choose to party, walk out of your home without a mask, disregard t‚Ä¶",1
36,"He‚Äôs clearly been watching football during the lockdown, the fake ball grab as if he was kicked to get a foul on Giannis was expert",1
37,"RT : i miss my life pre-corona. i mean, it wasnt by any means ‚Äòbetter‚Äô for me, but at least i wasnt waking up everyday to thousands‚Ä¶",1
38,"CDC Stated at one point that Numbers could be a much as Twice as High as reported,, And That was BEFORE Trump and Company took over the spread of all Info (really underreported them),,",0
39,"If you believe that COVID will end, and we will get back to normal just because we reopen everything, raise your hand. Good. Now, slap yourself with it.",0
40,"RT : Forced to wear masks, Stay at home orders & now Fraud Fauci is trying to say we need googles. This has everything to do w‚Ä¶",0
41,My wife has to buy her own teaching supplies and her low income students were shit out of luck until the school could afford to give them iPads for remote learning during the pandemic,1
42,"Help! I flew with my family to Arlington, VA in hopes of viewing the sites, but apparently if we step foot in D.C. we have to self-quarantine! It shouldn't be a crime to see the White House! #Coronavirus #COVID19",0
43,"RT : Wow, so Fauci seems to be at a loss of words when asked if medically we should limit protests to stop the‚Ä¶",0
44,They‚Äôre talking about how they‚Äôre social distancing on the bench using assigned seating as if the same players don‚Äôt literally slather up against one another in the court lololololol NBA really is something,1
45,"#Get2GetherExperience SAMSUNG GALAXY A31 Don't just live life Nje Live a GALAXY A life I facemask, Sanitizer and do the social distancing thanks Tdeep for keeping my bedroom a dance",0
46,"RT : We will be having an XC parent/athlete meeting on Sunday, August 9th at 6:00 pm in the DHS auditorium. We would like only 1‚Ä¶",0
47,"If she really said that, her fame (as a topnotcher) went to her head...bibilib pa sana ako kung meron syang suggestion sa treatment and cure for CoVid na back by science. Kaso wala.. Lume-Leni lang.",1
48,"My 77 year old aunt went to the hospital due to trouble breathing on July 13. She was diagnosed with Covid and pneumonia. The doctor gave her an iv of a HCQ ‚Äúcocktail.‚Äù Within a few hours, her breathing improved and she was released from the hospital 4 days later.",0
49,"FYI, President Trump cancelled the big GOP convention in Florida because of COVID & the only thing happening will be a quick nomination & acceptance meeting in North Carolina. Then he will address everyone later. That will NOT cost the taxpayers $50M!",0
50,But saying its safe....no that's misleading. Helpful. Useful. Sure. Safe - no its so far from safe. If this dude thinks he's a dr- this is why there's such a drug epidemic from prescribed medication,1
51,RT : Highest age group of COVID attack at this camp was 6-10 at 51%! That means over half of the youngest children in this ca‚Ä¶,1
52,You guys are the worst of the worst in the Universe but you already know that deep down lol,0
53,RT : Just FYI Montgomery mall has two confirmed cases of Covid-19 one from a Sephora employee and the other from a chik fil a emp‚Ä¶,1
54,"Sure does... my family x 2 is a testament to its efficacy against #COVID19! Infuriating for the rest of us, but glad these two are still with us! #hydroxychloriquineworks Mr",0
55,I wish I was shocked to see that a story about covid didn't make sense. I also wish we had the ability to go back in time and smack the stupid out of people.,0
56,"My supervisor asked why we were all so quite today during our first meeting/training back as if we didn‚Äôt just go through a pandemic, social isolation and a reoccurring race war all in the last 5 months",1
57,"(FL) Only way my kids can hold a place in their magnet program & stay home is this conferencing in option on a bell schedule which the county calls ‚Äúinnovative.‚Äù What a misnomer. I work in a different county w no option to teach at home, so I resigned to stay safe & help my kids.",1
58,if schools require children to go back in person can u sue the school for wrongful death if ur child dies from being exposed to covid at school?,1
59,"Obama rebuilt the economy after the last Republican dumpster fire. Obama dropped unemployment a ton while cutting the deficit in half. Trump moved it a smidge while doubling the deficit,, even pre-COVID. The numbers don't lie.",1
60,Calling... Jose Mari Chan I look out and I see the rain As it falls on my window pain And the music that's in my heart Is a sad... COVID-19? We look forward to a happier REFRAIN!,0
61,RT : Is your doctor Donald Trump? Look forward to you jumping on TV in a few weeks like one of those idiots kneeling before a t‚Ä¶,1
62,RT : I'm a black trans woman who has no income due to covid-19 so I'm reliant on donations to pay rent and for food. You ca‚Ä¶,1
63,an example of why US along with the silly individual citizens can't get a grip on the pandemic and not 'get' that's why kids not in school and economy tanked,1
64,RT : We are trying to solve problems in the stupidest ways. PAY PEOPLE TO STAY HOME. That‚Äôs it. That‚Äôs all you have to do. Essent‚Ä¶,0
65,"RT : i miss my life pre-corona. i mean, it wasnt by any means ‚Äòbetter‚Äô for me, but at least i wasnt waking up everyday to thousands‚Ä¶",0
66,"RT : This is a lie. It is a ridiculous and dangerous lie. How many of you have been tested at least twice? My guess is, unless‚Ä¶",0
67,"Little late for that you idiot. Trump allowed this virus to spread to dangerous levels. Europe, Asia, Canada, NZ, and many others beat Covid19 in 90 days. USA, Brazil, Russia, Iraq, Peru, Iran all failed. Which country does not belong in that group? #TrumpVirusCatastrophe",1
68,RT : All Time Low deserve that win. They came out the FIRST month of 2020 w/ a banger that not only captures their new sound‚Ä¶,1
69,"best is to ignore this idiot , day before they cried how Gov does nothing to protect BAME from Covid , when Gov do some like last night Lockdown its automatically racists , they would rather see those ppl celebrate and possibly get infected then die so they could then blame Boris",0
70,"RT : Bill Gates has never treated a COVID patient, never spent a day in a medical setting & has no degree in medicine yet h‚Ä¶",1
71,RT : COVID is safe we can open schools but we can't vote but we can protest but we can't go to church but we can go to sport‚Ä¶,0
72,"Was part of the pandemic playbook to send sick people to house with the most vulnerable? How about counting people who died with covid, but not from covid? Or holding mass protests and pretending that the spike in 20-30 yr olds had nothing to do with the protests?",0
73,"As a Victorian in lockdown, we wish it was done properly the first time like NZ. Our economy is suffering far worse than one hard lockdown to eradication. Your PM is the envy of the world",0
74,"I first hand know that to be true but here's the kicker, they're still going to have to do that no matter what. They are now expected to have everything online for the kids who opted to stay home plus then teach the kids in person. The teachers are on the losing end of this alot.",1
75,"Ok so that‚Äôs insanity, but the rich getting tax breaks (for example Kanye‚Äôs yeezy Business getting millions in relief aid for Covid) isn‚Äôt insanity? Did you know small mom and pop shops can‚Äôt even qualify for aid when they‚Äôre the ones that really need it? Ur mad at the wrong ppl.",1
76,It's a better alternative than the status quo. Lock it down & do what? You will have an underutilized asset taking up pace and wasting away. Im sure private individuals out there have better utility for the asset. Divest a part of it on JSE so Jamaicans have another asset option.,1
77,I hope he announces on MY birthday. It‚Äôs been the date set for so many benchmarks specifically the death count for Covid. I‚Äôd love it if on my birthday it would be some good news.,0
78,"Donald trum cost us thousands & thousands of lives! Delayed any action against COVID, called the seriousness of it a hoax then in April pushed states to open early!",0
79,". , TY for co-sponsoring the Central American Women & Children Protection Act. Domestic violence is rising in lockdown & this legislation is vital. Urge to set S. 1781 for markup before August recess. #UnsafeinLockdown",1
80,With Covid19 confinement A with the quality of C. It‚Äôs not like you have other things to do. BTW maturnity wards will surge nine months after shutdown... December January,1
81,First of all we do have feee masks! Newsom is literally spending $1BILLION. Also under the last stimulus covid is covered. Also the republicans wanted to extend benefits today and democrats said NO.,1
82,"RT : Florida has set a new record for the number of COVID-19 deaths for the fourth day in a row. ""What we're seeing now is the result‚Ä¶",0
83,‚ÄúKnock down‚Äù (proceeded by a brick) ‚ÄúThank you‚Äù [after a referee (trying to get $25 for working a game at the Covid Classic) calls a foul in favor of their child] ‚ÄúStill sleepin‚Äô‚Äù (after a kid finally connects from 3 to go 1 for 13),1
84,"Bullshit. Elon is not in favor of sending anyone checks. He wants them to go work during a pandemic. UBI is not even on the table, so him being in favor of it means absolutely nothing at this point. Fuck Elon.",1
85,"Totally go for it. Have an old, beaten looking (but of course unused, maybe with valve) N95 in your pocket and pull it out and say ‚Äòoh, damn, I left that in here from my last shift...‚Äô",0
86,"RT : People of colour make up 83 per cent of reported COVID-19 cases in Toronto, but they only make up half of the city's po‚Ä¶",0
87,"RT : People of colour make up 83 per cent of reported COVID-19 cases in Toronto, but they only make up half of the city's po‚Ä¶",1
88,RT : 1) Have you ever tried kneeling on ice? It's not a fun time. 2) Notice how the two teams are on the same blue line(s). That‚Ä¶,0
89,"We made it to the end of the week, the end of the month, and, with August ahead, the end of summer! Happy Friday, despite pandemic.",1
90,RT : So let me get this straight.....the pandemic is so out of control that we need to delay the election but it is so under cont‚Ä¶,0
91,RT : I made a gofundme (per the advice of some of my friends to make it easier) so please share the link if you are unable to do‚Ä¶,0
92,RT : Is your doctor Donald Trump? Look forward to you jumping on TV in a few weeks like one of those idiots kneeling before a t‚Ä¶,0
93,RT : I took so many things for granted before this pandemic. Look how easily life can change in the blink of an eye. We don‚Äôt‚Ä¶,1
94,"RT : Hey , This is TYRANNY!! First they tell you ‚ÄúWear a Mask‚Äù Now they tell you what kind you can wear! Wake up‚Ä¶",0
95,RT : CDC reports a camp for 12 year olds in Georgia infected one counselor wearing a mask and 44% of 600 campers all not wearing‚Ä¶,1
96,Have you lost your mind???? Get the hell out of the White House before their won‚Äôt need to be election because we will all be dead from COVID-19!!!!!,1
97,"#1 today's hearing was about COVID, NOT about protests. Jordan's attempt to change the focus & turn the whole thing into some political bullying was both unacceptable and irresponsible!",1
98,RT : MLB Commissioner Rob Manfred warned union leader Tony Clark in a Friday call that if the league and players don't do a better job‚Ä¶,0
99,RT : Will share some of the great points I took from one of the books I have read since the lockdown. ‚ÄúTaking the ea‚Ä¶,1
100,"Hey Sammy, just a couple of things. 1. Wear a mask when in confined spaces 2. Take the mask off when eating inside or outside 3. Wash your hands regularly 4. ALWAYS WASH YOUR HANDS AFTER PLAYING STINKY FINGER",1
101,Stay home and watch Tory Lanez oompa loompa muddaskunt scream into a fake mic. DM Salty and ask back for the IG lives if yuh so desperate for entertainment.,0
102,"Pelosi and McConnell resist testing for lawmakers as anxiety spikes: Leadership isn't budging, even after Rep. Louie Goehmert's positive coronavirus case has fueled new concerns about an outbreak on Capitol Hill. Via",0
103,That‚Äôs what happens when the CDC contaminates the tests and makes people ill. Lots of people need to be locked up for 50 years. Or hung for treason.,0
104,"Canada's death rate per million in population is half that of the US. We wish we had had Canada's pandemic leadership. Canada reports 6 deaths so far today. The US reports 1,454.",0
105,RT : Sort of obsessed with how Miller doesn't either offer his umbrella to his wife or at least try to hold it over her as t‚Ä¶,0
106,I'm all for following corona rules to get this over with as soon as possible but the government's timing with this one is super shady and they can fuck off.,0
107,RT : My dad & I have both lost work due to covid & are unable to pay my remaining balance to Howard U. Please retweet and dona‚Ä¶,1
108,"Patriots have no skin color, time to unite & strengthen our resolve, defend the Constitution & Republic. Take back our üá∫üá∏Freedom üá∫üá∏Liberty & üá∫üá∏Justice4All. Fascism is in the Republic in the guise of DEM. COVID19. üá∫üá∏KAG üá∫üá∏TRUMP2020",0
109,RT : If they come knocking on your door to check on you and you have #COVID19 is it possible that you could please be home. A‚Ä¶,1
110,RT : Filipino nurses & migrant workers were brought to the US to be exploited & are sacrificed by this country to be on the frontl‚Ä¶,0
111,"Why do people say ‚Äúmasks don‚Äôt stop you from getting COVID, they only help protect others‚Äù like they‚Äôre making some kind of point?? YEPPERS THAT‚ÄôS THE CASE AND THE LOGIC IS IF WE ALL WEAR THE MASKS THEN WE‚ÄôRE ALL PROTECTED.",1
112,"Godbless you Rose McGowan & may our lord Jesus Christ protect you. Thank you for using your voice to fight the evil that exists regardless of PARTY. Sexual abuse of CHILDREN is worse than ANY PANDEMIC. Rose, you've seen the darkness i.e. Marilyn Manson. WELCOME TO THE LIGHT!",0
113,Abbott/Turnbull/ Morrison trifecta have all pursued less accountability and transparency from the very start shrouding many decisions in secrecy for no reason. The pandemic has been a gift allowing them even less scrutiny. Parliaments all round the world are sitting except ours.,0
114,RT : Is your doctor Donald Trump? Look forward to you jumping on TV in a few weeks like one of those idiots kneeling before a t‚Ä¶,0
115,RT : You worked overtime to pass tax cuts for the rich 3 years ago. You waited 2 months to start working on another COVID reli‚Ä¶,0
116,RT : I don‚Äôt really care if you want to give yourself a heart attack but it must be nice to make your own medical choices rather tha‚Ä¶,0
117,Lmao China virus lol. Spanish flu lol. Ebola lol. Did you know... if you ever said Ebola referring to the pandemic during Obama‚Äôs administration then you‚Äôre racist because it‚Äôs based off a river in Africa. Racist. Should be ashamed of yourself.,0
118,"First, you are an idiot, Trump has no power to delay the day election. Second, the pandemic would still exist and start to be managed properly vs downplaying it.",1
119,"RT : How sweet of Stephen Miller to hold on to his wife on a slippery surface, while holding an umbrella over her to shield h‚Ä¶",1
120,"In 2020, we‚Äôve had: - WW3 scares - Kobe & Gigi‚Äôs death - Australia burning - Global pandemic - Sports canceled - UFOs - Murder Hornets - Parallel Universe - Riots/Protests - Anonymous returned - Ebola/bubonic plague rumors - Lightning spelling the words Jesus August is tomorrow",0
121,RT : I don‚Äôt really care if you want to give yourself a heart attack but it must be nice to make your own medical choices rather tha‚Ä¶,0
122,"I don‚Äôt explicitly blame Trump for every fatality. But I do think it‚Äôs unjustified how he doesn‚Äôt require masks or social distancing at events, especially in a high risk state like Florida. On the other hand people have to exercise personal responsibility.",0
123,"#veryworriedAB For all the teachers that don't want to go back - quit. Getting paid for 8 and working 1 is not feasible. All you parents, switch to home schooling. Give up your job and stay home with your kids. Don't take them to rec centers or anything.",1
124,"AN UNCONFIRMED STORY says that Jared Kushner pushed for abandoning a National COVID Plan in favor of letting the virus spread unchecked in BLUE STATES, decimating Donald‚Äôs opponents. And Don supported this apparently! NOTHING LESS THAN A MASS MURDER CONSPIRACY!",0
125,"RT : 5. Normally, you could argue execs should be rewarded for striking a deal that saves a company. But in this case it was a TA‚Ä¶",0
126,RT : Is your doctor Donald Trump? Look forward to you jumping on TV in a few weeks like one of those idiots kneeling before a t‚Ä¶,1
127,Because they can‚Äôt accept that this is a global pandemic and ‚Äúlife as usual‚Äù isn‚Äôt possible so they‚Äôre finding any loophole or opening they can to fight against it,1
128,RT : You worked overtime to pass tax cuts for the rich 3 years ago. You waited 2 months to start working on another COVID reli‚Ä¶,0
129,"RT : In 2020, we‚Äôve had: - WW3 scares - Kobe & Gigi‚Äôs death - Australia burning - Global pandemic - All sports cancelled - UFOs‚Ä¶",1
130,Would love to but in the current climate I am very happy that I live where I do. No COVID community spread infection for over 100 days.,0
131,"RT : AZ #Covid hospitalizations: down 35% from peak 18 days ago. CA: down 8%, peak 10 days ago. FL: down 14%, peak 10 days ago‚Ä¶",1
132,"This month of summer is quite interesting than the other summers for me. Before COVID-19, everything was same. Now that COVID has been here...every thing changed. Stay safe out there everyone. Wear masks, keep distance, wash ya hands. It‚Äôs almost the end of summer, learn and grow",1
133,RT : I love how some people came out after bernie dropped out and said ‚Äúhey maybe we can turn the Republicans into the left p‚Ä¶,0
134,"RT : Bill Clinton on Epstein‚Äôs island with 2 young girls and a person named Emmy. Wait, I heard a pin drop. MSM are so silent abou‚Ä¶",1
135,#FlipSenateBlueToSaveAmerica if Dems control senate they insure legislation gets passed that is urgent!! That investigations ate unobstructed! Supreme Court nominees get confirmed! COVID19 is handled with urgency and competence! Weeding out Trump sycophants!foreign policy/Nat Sec,0
136,RT : I have a nurse friend who is a director of nursing at a large nursing home. She said the number of young people relegat‚Ä¶,1
137,"This report does not inform how sick the infected are. It does show all children are of great risk to catch covid19!!!! Schools, camp, parties, churches, shopping stores, pools, beaches... anywhere there are humans. Get it yet?",0
138,RT : I‚Äôve canceled his order. I‚Äôll be buying it and signing it for someone with COVID. I‚Äôll also be donating a box of signed e‚Ä¶,1
139,"that Dr. Raoult was correct in his findings. Today there are over 5 global studies that support the doctor‚Äôs findings that HCQ is a cheap & very effective treatment for coronavirus. Unfortunately,this was not the preferred treatment by professionals who hoped to reap vast rewards",0
140,"Yes, singing in a public building during an airborne pandemic is not a sweet and patriotic gesture. I‚Äôm not angry. I‚Äôm explaining to you that singing, if you have this virus, exposes people.",1
141,Trump views Fauci as a rival 4 the affection of America. Fauci tells the truth about covid because he cares. Trump lies because he doesn't. Dishonesty is a compulsion w/Trump. He doesn't care how many of our loved ones have 2 die 2 stay in power. Vote blue all the way down.,0
142,Because of a global pandemic?we aren‚Äôt handling it properly and are thusly having our travel restricted that in no way has anything to do with immigration nor asylum seekers the fact that you tried to stretch it that far is honestly idiotic and shows what little footing you have,0
143,There is a global health pandemic. I want mail-in voting for my grandmother and others at risk. We have both seen voting lines in other states that are way too long to just exercise our right to vote. Those people will needlessly be put at risk. While I agree if we had the (1/2),0
144,RT : The words ‚ÄúCovid and Cambria‚Äù came to my head and I can‚Äôt stop laughing because stupid word play is how I cope with shit.,1
145,RT : San Diego gym that was shut down after operating in defiance of county health order to close is now linked to outbreak of coronav‚Ä¶,0
146,RT : Over 250 camp attendees in Georgia caught Covid 19 in just a matter of days blowing a huge hole in the theory that kids can‚Äô‚Ä¶,1
147,"RT : It's time to discuss the current state of the NFL under COVID19, the top 100 list and more as we vibe to lofi! I will al‚Ä¶",0
148,RT : Sort of obsessed with how Miller doesn't either offer his umbrella to his wife or at least try to hold it over her as t‚Ä¶,1
149,"RT : ""They're going to fall off a cliff."" The end of the month is set to bring new financial anguish as coronavirus aid lifelines expi‚Ä¶",0
150,RT : I'm a black trans woman who has no income due to covid-19 so I'm reliant on donations to pay rent and for food. You ca‚Ä¶,0
151,"RT : We are living through a pandemic, something most of us have never been in, but let‚Äôs keep our heads up & continue to uplif‚Ä¶",1
152,"RT : 700 more Covid cases overnight in Iowa. And 11 more dead! I'd like to know the ""REAL"" numbers in this fucking state but the G‚Ä¶",0
153,RT : I‚Äôm going to my polling place in November and voting in person just to be certain that it‚Äôs counted. Do whatever you have to to‚Ä¶,0
154,"There must be tens of hundreds of people there....manning the equipment, draining the shitter in Air Farce Wun, running the p.a., selling cheap ass made in china shitty keepsakes commemorating the orange loser in charge as his death took on COVID 19 approaches 200k.",0
155,"WHEN DID YOU DECIDE THAT IGNORING COVID19 AND NOT DO ANYTHING TO MITIGATE THE VIRUS. IS A GOOD IDEA?TO HAVE PEOPLE LIKE YOU ENOUGH TO VOTE FOR YOU? MORALLY, IS THE REASON ANY SANE PERSON WOULD WANT TO SAVE LIVES NOT KILL PEOPLE. DID YOU THINK YOU COULD KEEP LYING & KILLING?",0
156,"In a pandemic shortened season that we don't even know if it will be finished or not.. give me a Soroka, Fried, Newcomb, Toussaint, Wright rotation all day long.",1
157,It should be illegal not wearing a mask in public during a pandemic. Simple as that. I dont need your asymptomatic a$$ coughing or breathing down my neck during a pandemic of a virus we have no knowledge about or vaccines for that matter.. But its hard for you to understand that.,0
158,Over 40 years in politics and he has to scrape the bottom of the twitter barrel for campaign money during a pandemic. Sounds about right lol,1
159,RT : I'm a black trans woman who has no income due to covid-19 so I'm reliant on donations to pay rent and for food. You ca‚Ä¶,0
160,"Your point is not in dispute, no Covid cases were found solely through the app because the people who were infected had not bothered with the app in the first place. My point is that your little rant may suppress adoption of the app here and is unwelcome.",1
161,"That is a good sign. I'm in PA, most people are masked now. This is ground zero for Trump, but I'm hearing of a few supporters who won't vote for him again. Others are still staying strong for Trump. But before Covid, there were no dissenters around.",0
162,"RT : The Internet world is becoming so real. I stay home, work online and talk to my team on Teams & friends on Zoom. Does it mean T‚Ä¶",1
163,The nutcase ultra liberal CA governor Newsom releases vicious murderers over Covid without any concern for the victims families. What a rat...Who is this murderer next victim? What are you going to say to the victim family? RECALL THAT RAT NOW.,0
164,"Will your kid bring Covid19 home and have to feel, ""I killed my Mom, my Dad...""? Willing to bet your life on it? Your child's life?",1
165,"RT : Please pray for me. I‚Äôm quite honestly scared out of my mind right now but turns out, I do have COVID. I know God has m‚Ä¶",0
166,Was sad to see a City BBQ location was closed down - the one on Sancus. I suspect it was killed by COVID19 that BEEOTCH!,0
167,RT : Less than 10% of the people I encountered on a short walk outdoors in Brooklyn were (1) wearing a mask (2) wearing it prope‚Ä¶,1
168,"RT : The virus does not care. So we must. All of us. We need to act collectively, in a way we never have before. Stay home‚Ä¶",0
169,How is there a coin shortage? Wouldn‚Äôt it be easier to just make more coins? They slowed down during the pandemic. You‚Äôre begging for everything else to open back up but too scared to make change? That‚Äôs weird to me,1
170,"RT : 'Justice For All' has been our nation's proud mantra for centuries, but for too many people in our country it is not the r‚Ä¶",0
171,"Ya. I‚Äôm not talking about Covid stimulus. If the gov takes away your livelihood they owe you. In general, people are on welfare perpetually need to be weeded off.",0
172,"Three days ago all I saw from left Twitter was threats to stay home if Biden picked ""cop"" Kamala Harris as his VP. Now she's the fucking messiah.",0
173,"In Nov 2019, I lost my eldest step daughter. We were estranged but I'm still in contact with my other 2 stepkids. They kept me up to date with everything going on with J. She went hypoxic suddenly and experienced systematic organ failure. Covid-19? 1/",1
174,"In J's case, her organ failure was due to clots but she had never had a blood clotting disorder. The docs were stumped by the cause of the clots and their locations. But after covid autopsies have been released, that's exactly what killed 1 of my kids. 4/",0
175,If you‚Äôre a selfish idiot who doesn‚Äôt care about the town and the people who live in it you should be called out. I don‚Äôt care what skin you‚Äôre wrapped in and that should not be an excuse for said idiots not to be called or even blamed for this second lockdown.,0
176,You've done a great job leading this pandemic. If you want athletes to have a season we're going to need more help & direction because leaving it to districts and leagues is a disaster. Why can't Ohio have a solid plan for return to play like other states? #IWantASeason,1
177,RT : If we‚Äôve tested 6 times as many people for Covid as any other country doesn‚Äôt it make sense we would also lead in infec‚Ä¶,0
178,I have no proof. I'm not going to disturb her rest or my other kids peace they have struggled to find after her death. I'm no conspiracy nut but this bug ain't as new as December like USA ignored and China denied. #WearAMask,0
179,"How will market take it after mlb ends season. without a bubble environment the season will end. NFL season will keep Covid away, many players opting out. APPL coma? Where‚Äôs the stim? Isn‚Äôt the stim only keeping This lie, overvalued bubble mania alive?",0
180,"RT : 5. Normally, you could argue execs should be rewarded for striking a deal that saves a company. But in this case it was a TA‚Ä¶",0
181,"Winning the ACC tournament brought glory back to the Pack. I‚Äôm positive we could have taken home the national crown as well if it weren‚Äôt for Covid. Cheers to a great season, lady Pack!",1
182,I don't want to rebook the ticket ...we are medical professionals and doing Covid duty and engaged in related works ..we cannot go anywhere until it's get control .pls refund our hard earned money ji pls look into this,1
183,"RT : I want schools to reopen just as much as the next person, but I won't send my daughter to school if it isn't safe. How ca‚Ä¶",0
184,"And u wonder why you poll numbers are in the gutter. Spreading misinformation and making the wearing of masks a partisan issue is absurd. Your incompetence shows on a daily basis. You r in FLORIDA, a hotspot but yet no one is wearing masks and social distancing. Some Leader",1
185,for their own treatment for the coronavirus. Gilead pharmaceuticals was hoping to promote its own drug remdesivir as a potential option to treat the disease. Gilead had the support of Dr. Anthony Fauci who downplayed HCQ at every opportunity.,0
186,RT : We had a great day at Ski Bowl Amusement Park in Mt Hood Oregon . This is one of our favorite summer spots out here. . There‚Ä¶,0
187,"RT : Your favorite time of year will look a little different this year, but you can still be part of the fun! Due to the pandemic, we‚Ä¶",0
188,"Maybe you should ask Herman Cain what he thinks about being in a large crowd & not taking precautions- you know like at Trump's Tulsa rally. Oh yeah, that's right, he died. - from COVID. Hypocrite.",0
189,Mitch McConnell it‚Äôs shameful that you think Americans who lost their job through no fault of their own can survive off of nothing. The pandemic is something we did not start. In times of crisis like now the government should step in and support its people.,1
190,RT : Three interesting things: *Not all staff in managed isolation have to wear PPE at all times. * The day 3 test is not c‚Ä¶,1
191,Down here in Puerto Rico we rode it as a storm and almost half of the island went without power. Now only 20% still without power. Stay home and be safe. Our prayers with you guys!,1
192,RT : San Diego gym that was shut down after operating in defiance of county health order to close is now linked to outbreak of coronav‚Ä¶,0
193,"RT : This kind of loss is unimaginable. To all of you who choose to party, walk out of your home without a mask, disregard t‚Ä¶",0
194,"either way, the graphics would look like shit. besides, this year nintendo's been a bit safe this year because of the raging pandemic. this is not the time to ask for p5r, spam the atlus twitter for it. it only makes you look like a jackass.",0
195,RT : Sort of obsessed with how Miller doesn't either offer his umbrella to his wife or at least try to hold it over her as t‚Ä¶,0
196,RT : If you see this and you are a #patriot it is your obligation to RT it. I don't care if you RT mine or go to the original ...,0
197,"Off the cuff here, but the constant ""act as though you have covid"" narrative has had/continues to have/will forever have a negative affect on those of us who suffer from anxiety.",0
198,"RT : Earlier this week, I lost a longtime friend to suicide. If you know somebody who could be having a hard time during the pa‚Ä¶",0
199,"It depend on personal circumstances. If you don‚Äôt have older family members you have to be with the risk of COVID is low and mortality rate is low. But if you think you might be sick stay away from others, test for covid, and isolate 10-14 Days if you get it to protect others.",1
200,Imagine living a life where you‚Äôre so ignorant and selfish that you‚Äôre actually going to parties and drinking in a room with 25+ people during a literal pandemic... blows my fuckin mind,0
201,Could you tell me exactly what a Covid death is? Is there internal bleeding? Loss of heartbeat? Does your immune system shut down? How do we define a Covid death?,0
202,"We've witnessed a rapid erosion of shared governance at universities over the past decades. But the current pandemic--which features administrations, empowered by bureaucratization and corporate interests, repeatedly curtailing faculty safety--has laid bare how far we've slid.",0
203,"RT : In the midst of a pandemic that has already killed 150K Americans and shows no sign of abating, it is bizarre to listen to a s‚Ä¶",1
204,RT : Our entire livelihoods is ran by Rent and Mortgage. Take away them all for these next 6 months. You will have more people w‚Ä¶,0
205,"RT : Keeping a physical distance from people to prevent infection is one thing, but what about the air we breathe? Experts weigh in on w‚Ä¶",0
206,RT : MLB Commissioner Rob Manfred warned union leader Tony Clark in a Friday call that if the league and players don't do a better job‚Ä¶,0
207,"RT : If you are a renter or a landlord who has been impacted financially by COVID-19, you may be eligible for up to $1,500/month in a‚Ä¶",0
208,And we weren't concerned about h1n1 because it has a similar death rate to the flu. Covid has already killed WAY more than h1n1 did in the USA. We didn't try to slow the spread of h1n1 because it wasn't necessary. Covid has an astronomically higher death rate.,0
209,RT : NEWS: GOP Rep. Will Hurd told me today that he now doesn't know whether he'll vote for Trump this fall. When asked about d‚Ä¶,1
210,It has not been proven ineffective for Covid. It is not a good choice for advanced covid. Other countries have had great results using it early before symptoms are at hospitalization level...as have some studies....but our media resists that idea.,0
211,RT : I do not trust Dr. Arwady. Any doctor who is okay with sending people back indoors with a positivity rate of 8% that ‚Ä¶,1
212,"A surgeon just said to me ""I can't for the life of me figure out why covid is worse here than in Europe"" and then in kindly terms I explained and he seemed receptive. Like at least if he fought back I'd know he was a cynical hack but reaaallllllllyyyy.",0
213,"Instead of at least a temporary fix which would have extended the extra unemployment benefits through November, Pelosi doubles down on a single bill and leaves the jobless with nothing while the pandemic gets worse and worse",1
214,RT : I don‚Äôt really care if you want to give yourself a heart attack but it must be nice to make your own medical choices rather tha‚Ä¶,1
215,Shout out to for reminding their colleagues of the importance of forgiving not just federal but private loans as well! Additionally reminding ppl that this relied wasn‚Äôt included in the CARES act amid COVID-19. I hope we can see this come to pass.,0
216,There have been cases of people being reinfected months after surviving their first exposure to COVID-19. Science isn't sure there is any kind of permanent immunity with this particular virus.,0
217,They can barely count COVID cases correctly lol they start doing that n we will have ‚Äúprobable‚Äù numbers bigger than the population in NJ lol,0
218,"And what's the worst thing about a biological event like a pandemic? Joblessness? The kids out of school? The hospitals collapsing? The revelatory inequality? The deaths? Hardly. No, what really bothers is that a responsible and rational response to a pand. requires what ??",1
219,"Nah, what he is saying is that most of these people protesting that ""Churches are closed"" in the middle of life/death pandemic, are the very same individuals that would throw stones at minorities protesting for their rights. Jesus was crucified by individuals like this.",0
220,RT : You worked overtime to pass tax cuts for the rich 3 years ago. You waited 2 months to start working on another COVID reli‚Ä¶,1
221,"Good morning everybody‚ÄºÔ∏é What's up? We hope you'll have a wonderful weekend from now on. I hope you have a nice day and don't forget to be happy~ your happiness is my happiness ,too. Don't lose to the coronavirus! #Â§ßÈò™„ÄÄ#osaka #kawachinagano",1
222,"RT : We want to thank everyone who joined us on Facebook for our live Q&A on #COVID19 testing. If you missed it, you can still vi‚Ä¶",0
223,And how well did that work on the thousands of African girls with the hpv vaccine gates made? Or the ppl in India his vaccine maimed? I am not an antivaxxer by any means but I will not be rushing out to get a rushed covid vaccine,0
224,RT : I'm a physician. I work in the OR where I feel as safe as I can be in a pandemic. My daughter is a high school teacher i‚Ä¶,0
225,You should go back to research & development for Quaker Oats and stop attempting this charade of being CDC Director. History will judge you as the CDC Director who presided over the greatest public health disaster in 100 years. #RedfieldResign,1
226,"RT : Daily reminder that black lives matter, trans rights are human rights, you need to register to vote if you are of age in t‚Ä¶",0
227,"Assist us mercifully this night, O Lord, that, among all the changes & chances of this mortal life, we may ever be defended by your gracious & ready help; through Christ our Lord. Amen. #Pray 4 #coronavirus #florida #hurricaneIsaias #HongKong #Japan #SchoolReopening #homeless",0
228,"I do read the posts, interesting info on there. There's a lot on there the mainstream media won't cover because they only repeat covid and BLM propaganda 24/7, which is a problem.",0
229,"Jonah - if you think the president has botched the response covid and 10‚Äôs of thousands of people continue to die as a result, this actually IS a flight 93 election. To say nothing of the litany of other terrible things this president has done. Hence the pressure.",1
230,"Masks are worn to protect others against you, not you from others. Which is why surgeons wear masks while operating. Again though, they were discouraging mask wearing for a reason early on. I‚Äôd be curious to know, why, if they don‚Äôt help, doctors are encouraging their use?",1
231,I run a $300 million operation that delivers medical technologies to hospitals that are also being used in the battle against Covid-19. I've helped to build multiple successful businesses and created hundreds of good paying jobs. All of my children have grown to be successes.,0
232,"RT : ""I‚Äôm really excited about the race ‚Äì it‚Äôs our first one after lockdown and I just want to enjoy it, while training hard for‚Ä¶",1
233,They already made the HEROES act. You failing either take it and be grateful or find yourself facing angry mobs. Hope Schumer adds prison terms for any elected official who profited off of inside info on Covid. Automatic 50 year prison term. Including family & assoc.,1
234,"You didn't thank the Chinese Communist Party for the China Virus which will kill hundreds of thousands Americans, definitely more than the WWII US death toll.",0
235,"RT : If the legislature passed a bill through both houses and he signed it into law, I could live with it. Don‚Äôt like it. But‚Ä¶",1
236,RT : she says she got it mid March was very sick for about a month with it Yet she posted live videos of herself on‚Ä¶,0
237,"Patriots have no skin color, time to unite & strengthen our resolve, defend the Constitution & Republic. Take back our üá∫üá∏Freedom üá∫üá∏Liberty & üá∫üá∏Justice4All. Fascism is in the Republic in the guise of DEM. COVID19. üá∫üá∏KAG üá∫üá∏TRUMP2020",0
238,"Let‚Äôs not in our doom and gloom Covid 19 forget man made beast that demands we walk and chew gum at the same time, climate change! We need a positive human response in both ... resilience has been demonstrated in spades, care/respect/let‚Äôs apply them touniversal future ASAP.",1
239,The good news: Average hourly earnings jumped 7% in the second quarter compared to last year. The bad news: The Economist says lower paid workers disproportionately lost their jobs due to #COVID which dragged average wages up. #Work #Leadership #Management #CSuite #HR,1
240,"RT : I believe we are still underweighting the damage from what may turn out to be a lost year and a half of schooling. And,‚Ä¶",0
241,RT : Tim Smith March - July 30 2020 ‚ÄúDictator Dan has gone mad with power. We have rights! You can‚Äôt just lock us all down.‚Äù Ti‚Ä¶,1
242,That's what aboutism. And that's extremely sad but I don't live in the USA but the USA being destroyed by Trump is going to have an horrific impact on the whole world. #Biden2020ToSaveAmerica You are bringing up other issues to detract from Covid but Covid replicates so fast.,0
243,RT : This series will go down in history as the first one to tackle the pandemic. It didn‚Äôt tiptoe on the issue. It didn‚Äôt re‚Ä¶,1
244,"RT : This kind of loss is unamginable. To all of you who choose to party, walk out of your home without a mask, disregard t‚Ä¶",0
245,"no,,, band camp normally wouldve started this week (or last week?? maybe) but because of corona it was pushed out + its online,,,,, but yeah i normally would go to band camp like 3 weeks before band starts so school has not started yet",0
246,RT : When TV series 'The Dead Zone' predicted the spread of 'a virus from China' in 2003 üò≥Watch this It is Spot On üò≥ #FlashbackFrid‚Ä¶,0
247,"RT : 5. Normally, you could argue execs should be rewarded for striking a deal that saves a company. But in this case it was a TA‚Ä¶",0
248,So like did everyone else turn off their social media limits months ago or are you like me and just hitting ‚Äúignore‚Äù every day? #justasking #COVID19 #ismybrainmelting?,1
249,"But seriously, if Colin laughed at parents as they broke down over having funding cut for autistic children, he won‚Äôt give a hoot about students sick with Covid-19. Honestly, the sickest person in Alberta is Colin.",1
250,"RT : This kind of loss is unamginable. To all of you who choose to party, walk out of your home without a mask, disregard t‚Ä¶",1
251,"RT : The Lame Stream Media will come up will peddle and focus on more fear with COVID 19, to bypass the #EpsteinFiles as much as t‚Ä¶",0
252,MLB Commissioner threatening to end baseball season due to more and more players testing positive for covid. The same will happen to the NFL if they do not re-think their strategy.,0
253,"MLB Commissioner Rob Manfred warned union leader Tony Clark in a Friday call that if the league and players don't do a better job of following Covid-19 protocols and managing the virus, Manfred could shut down the shortened season, ESPN reports",1
254,"RT : AZ #Covid hospitalizations: down 35% from peak 18 days ago. CA: down 8%, peak 10 days ago. FL: down 14%, peak 10 days ago‚Ä¶",0
255,"RT : üö® As long as #COVID19 keeps sports on hold, the boys at FaceOff Hockey will post a glue guy everyday to remind us of th‚Ä¶",0
256,"$500 billion for a bailout of a handful of Wall Street bankers regarding Commercial Mortgage Backed Securities, Gaetz. Free money for them. Republicans want real workers to play Russian Roulette with their health and possibly even die, from Covid-19. $Pro-Life$(R) indeed.",1
257,RT : I came home at 11pm only to read that a Tory MP is blaming COVID-19 spike on Muslims & ethnic minorities ü§¨ Is this the thank‚Ä¶,0
258,"well done sir for your Covid19 handling. The Abule-ado explosion that claimed lives, till now no explanation, no preventive advice, containers falling like rain on lagosians, touts everywhere making business harder forcefully obtaining money before goods can land.",0
259,"Trump isn‚Äôt trying to distract from the pandemic. He‚Äôs lost interest in the pandemic. The election nonsense was a distraction from the economic numbers yesterday: 32.9% GDP contraction. Trump cares deeply about how he‚Äôs perceived on the economy, deeply.",0
260,"If you had close contact with someone with #COVID19, the health department may call you to let you know you were exposed and ask you to quarantine at home. Answer the call to slow down the spread. #slowthespread",1
261,"RT : you get in your with your drivers license & put your seat belt on & go the speed limit & stop at red lights with a shirt, pa‚Ä¶",0
262,RT : Since some want to blame the current deaths & cases on the protests & ignore that MOST of the increased cases came from openi‚Ä¶,0
263,"Over 5,700 #coronavirus deaths in USA in the last four days. Total dead likely to exceed 200,000 before the election More dead after that as #Trump refuses to go quietly and refuses cooperation with President-elect Biden.",1
264,Dinner and a movie during COVID must be the most awkward date ever. 'Could you lift your mask so I can kiss you?' #fridayfeels #datenight #dinnerandamovie #covid #justnetflix,1
265,RT : So 1 case is now 3 cases and this was in a room with 12ish students and many extra precautions. Classes in sept with have‚Ä¶,1
266,"Everyone knew this deadline was coming. Dems put in their plan in May. Maybe the Repubs should have come up with a plan sooner than 4 days before the deadline. Oh, wait. Only Dem states were having COVID issues, right? Not any more. Now they need a plan that helps reds, too.",0
267,"RT : The Department of Health reported 123 new cases of COVID-19 on July 31 for the state: 119 cases are from Honolulu County, 4 f‚Ä¶",1
268,A good time to wake the Fuck up. It was from inaction by our elected officials that Covid was able to hijack the economy. It is through continued inaction that the situation in the streets will begin to get out of control. (We ain't seen nothing yet.),0
269,RT : Tim Smith March - July 30 2020 ‚ÄúDictator Dan has gone mad with power. We have rights! You can‚Äôt just lock us all down.‚Äù Ti‚Ä¶,1
270,"Apart from reports of brief appearances of COVID19 cases at Harris Park, Leichhardt and the Australia Club, & a case isolated in Orange, it seems there hasn't been any other noteworthy NSW COVID19 news to report since yesterday mornings numbers. We await today's data.",1
271,"RT : This is a lie. It is a ridiculous and dangerous lie. How many of you have been tested at least twice? My guess is, unless‚Ä¶",0
272,60 years I believe 60 years. But today It will kill you maybe! well If you take it and get hit by a car or take it and get eaten by a Shark. Ya very dangerous. Don't take it you have a good chance of dying from CHINA VIRUS ... I'd take it for sure.,0
273,"RT : If there is no one there on lockdown, & you or a family member asks for HCQ, Z-PACK, & Zinc, Who's witness? If no one is th‚Ä¶",0
274,RT : The COVID vaccine is the point of no return. If you consent to that one vaccine you are also consenting to the entire a‚Ä¶,0
275,"We need the UK doctors to speak out now, like in the USA. They know this is a hoax. HCQ is the answer not lock down. Banks must have an ulterior motive to print all this money to bail out a country, for a scam.",0
276,"#coronavirus update in #Andorra. New cases confirmed 3, new recovered 1. Total cases in Andorra confirmed 925, recovered 807, deaths 52. +0.33% daily cases increase, 3 reported today UTC time.",1
277,I'm pretty sure there's a mission impossible movie where Tom cruise saves the world from a virus that an evil pharma company wants to release so they can sell the cure. #covid911 #COVID19,0
278,RT : Anti COVID vaccine in the US is on 3rd human trials . I will wait for that with a prayer . ayaw ko ng made in China .,1
279,RT : NEWS: GOP Rep. Will Hurd told me today that he now doesn't know whether he'll vote for Trump this fall. When asked about d‚Ä¶,0
280,"Recent mandatory testing for those qualified for early releases has resulted in two newly confirmed covid cases in RJD. Meanwhile, you are deceptively moving people from yard to yard to clear out a building for intakes of covid patients from other facilities. Why",0
281,"Well, wait until the elections, I‚Äôve heard corona would magically disappear. By the way, Europe is awesome. Republic of Srpska and Serbia have amazing cuisine, beautiful women and people are friendly in general, contrary to the things you must have heard before.",0
282,"RT : ‚ÄúWe know that wearing masks will reduce the spread of the virus. With cases increasing, this is a big step forward to protect pub‚Ä¶",1
283,"You do point out how a lot of the world doesn‚Äôt have proper medical treatment. However, in the US, covid will kill many more people this year than all of those diseases combined.",1
284,Volume posting puts your stuff in front of those who post infrequently. I had to unfollow some accounts just because all I saw was Wal-Mart brawls and memes about steam and lemon peels killing Covid.,0
285,"RT : Sen. Ted Cruz: ""We are paying a whole lot of people a lot more money to stay home and not work than they made on their jobs --‚Ä¶",1
286,RT : I wish there was as much attention paid to protecting our children from Covid19 as there is for sports figures. I can live w‚Ä¶,0
287,"RT : Just had an angry guy taunt me in a shop for wearing mask. ""Are you going to hold up the shop? What are you doing it for‚Ä¶",0
288,"Wrong. The guidelines came from CDC/WHO. Trump passed along that information to the governors and left it up to them. If he had taken more direct action, you'd call him a dictator. Grow up.",0
289,"Why does the GOP plan include cuts to Social Security? There's no ""meet in the middle"" when you guys use a pandemic as cover to cut Social Security. Fuck you.",1
290,RT : NEWS: GOP Rep. Will Hurd told me today that he now doesn't know whether he'll vote for Trump this fall. When asked about d‚Ä¶,1
291,"You‚Äôre calling parents selfish but honestly, what‚Äôs the alternative? Are you in favor of universal basic income that would allow parents to stay home and not work? What about the people who are essential and have to go to work? Who watches their kids? Think through what you want.",0
292,"Covid is horrible. People have lost friends and family members. Their jobs and homes. But just now, in this minute I miss being able to pet all the puppies and dogs. Such a simple thing that‚Äôs so good for the soul.",1
293,Go to the CDC website. The only states to see an increase are Utah and Wyoming. Utah has 337 possible new cases and Wyoming has 469.,1
294,"RT : Rather than ask why so many Victorians ignored the tickle in their throats and went to work, we need to ask how we've bui‚Ä¶",1
295,"RT : It‚Äôs Week 19 of the COVID experience and we have a ways to go. In my weekly video, I put forward my plan for how to open‚Ä¶",0
296,"RT : ""Multiple players briefed on the call fear that season could be shut down as soon as Monday if positive tests jump or if p‚Ä¶",0
297,"RT : Don‚Äôt vote Tory , organise PPE , have a clear and concise message to the public , Don‚Äôt vote Tory , ..... Employ a health‚Ä¶",0
298,RT : Is your doctor Donald Trump? Look forward to you jumping on TV in a few weeks like one of those idiots kneeling before a t‚Ä¶,1
299,"RT : 150K dead from COVID-19 in 5 months. That is over 1/3rd of the total US deaths in WW2, which we were actively fighting for nea‚Ä¶",1
300,"Yes, we can ""scream"" about covid when he does big rallies, then mock him when his attempt to continue endangering lives at these vapid mass jerk circle blows up in his face. Those two things actually correlate. What are you talking about?",0
301,I know two people who got China virus wuhan virus covid Both had flu shots People in nursing homes get flu shots People with co-morbidities get flu shots Homeless don‚Äôt get flu shots either do street thugs. Think about it.,0
302,RT : Shielding was 'paused' for this little man & his family today. D√°ith√≠'s excited to be out but by simply washing our hands & soci‚Ä¶,1
303,I‚Äôm not the one trying to disprove something here bud. So are all the other countries who employed masks and social distancing in much stricter fashion making up the virus or their much speedier return to normalcy?,0
304,National endowment? Putting that aside the whole point of the comment thread re: USPS is that it has nothing to do with the bill on Covid and is just example of lousy and sloppy legislation trying to sneak in some extra spending.,0
305,"You really are an idiot. It‚Äôs shameful to live in the same state as you. Plaquenil, which I‚Äôve taken for lupus for years does not a damn thing to save your butt from Covid-19. You will cause ppl to die. Their blood will be on your sorry hands.",1
306,The Trump administration is hiring consultants with drug industry ties to steer its effort to find a coronavirus vaccine under a contract that allows them to avoid disclosing potential conflicts of interest,0
307,Oh yeh....Just ask the Uighur. Or victims of live organ donors... or the people who were locked in their homes during tha pandemic. This woman is delusional.,0
308,RT : U.S. rent is due on Aug. 1 ‚Äî and nearly 30% of renters are at risk of eviction after federal protections ended on July 24. Som‚Ä¶,0
309,a family relative whose a degree holder with masters in education spreading a video of one guy talking about covid relating it to the antichrist??? GASP,0
310,It‚Äôs okay. Personally they selection is meh we‚Äôve had about 3 boxes and didn‚Äôt find much in any of them that we like. Shipping is slow but that‚Äôs because covid. We love the British snack box subscription though. All depends on taste at the end of the day. Nice big snack tho!,0
311,They shouldn't even test them. If you don't feel well stay out. With so many players being asymptomatic if they weren't getting tested they'd never know. Don't give me well the families... cause most of america is probably walking around with covid and doesn't even know it.,0
312,"RT : The government be like, ‚Äúyou‚Äôre in a lockdown, but go to the shops, but don‚Äôt meet family, but go to the pubs and suppo‚Ä¶",1
313,"By the way, the parking lot I was abandoned in was busy and business's had people coming/going. In fact, many in my travels now,seem busy like no pandemic. Goes to show priorities. Those closing,were failing anyway.",1
314,RT : SAY NO TO MAIL IN VOTING!! VOTE IN PERSON!! MAKE SURE OUR VOTE COUNTS!! WEAR A MASK IF IT MAKES YOU FEEL BETTER! VOTE IN P‚Ä¶,0
315,I mean to be fair the warmer weather thing was from WHO and CDC research of what they knew of the virus at the time. They‚Äôve been wrong at just about all the info provided up to this point.,0
316,"Because you're an idiot who refused to follow CDC guidelines, then tried to blame the mask for your infection. Keep your quackery to yo'self. #TrumpThreatensAmerica",1
317,"Could you also tweet about the numerous sports teams that have been practicing since July with no spread of covid, think you are painting only one picture about sports",0
318,"Dear Mr Sam, International flights operations are already continuing in a controlled manner through VBM & special charters to many parts of the world. We will further ramp up operations after considering the behavior of the pandemic, and demand from our citizens.",1
319,Halos 5 months na may pandemic but still greatful that my family and i are still healthy and blessed. Thank you lord! Please continued to heal those who are insick and guide those who are inneed. #blessedaugust,1
320,The MLB commissioner is threatingvto end the season if Teams don‚Äôt do a better job with Covid????!!! Are you kidding me??? How about you as a commissioner do a better job protecting your players. As far as I can see you haven‚Äôt done anything,1
321,"RT : Decent Tories might well sit there and think ‚Äúoh well at least our ‚Äòteam‚Äô is in power, I‚Äôm sure things will improve.‚Äù It does‚Ä¶",0
322,"RT : 700 more Covid cases overnight in Iowa. And 11 more dead! I'd like to know the ""REAL"" numbers in this fucking state but the G‚Ä¶",1
323,RT : A real leader would be on television rt now asking why the hell Ron DeSantis is doing such a horrific job in the Florida Co‚Ä¶,0
324,"RT : We have money to pay federal troops to go to cities to arrest protesters, but we don‚Äôt have money to send national guards to‚Ä¶",1
325,Philly is holding to social distancing standards better than most locations and we still have roughly 25% of our population just doing whatever they feel like... we‚Äôre screwed,0
326,RT : Tim Smith March - July 30 2020 ‚ÄúDictator Dan has gone mad with power. We have rights! You can‚Äôt just lock us all down.‚Äù Ti‚Ä¶,0
327,"PHOENIX (AP) ‚Äî Three school teachers in the small eastern Arizona community of Winkelman tested positive for the coronavirus last month and one of them died, according to a Phoenix television station. Just search under Winkelman,AZ for AP artcke.",0
328,RT : SAY NO TO MAIL IN VOTING!! VOTE IN PERSON!! MAKE SURE OUR VOTE COUNTS!! WEAR A MASK IF IT MAKES YOU FEEL BETTER! VOTE IN P‚Ä¶,1
329,RT : Is your doctor Donald Trump? Look forward to you jumping on TV in a few weeks like one of those idiots kneeling before a t‚Ä¶,1
330,"RT : So Dems and the media are fine with this I'm sure, but it's too dangerous for people to vote in person or bury their lo‚Ä¶",1
331,"RT : I want schools to reopen just as much as the next person, but I won't send my daughter to school if it isn't safe. How ca‚Ä¶",0
332,"YEAH? But GDP of the US dropped 32.9%. You failed to mention that. Instead you lie about global COVID-19. The most egregious claim is that children rarely get or transmit COVID-19 knowing your faithful will believe you and endanger their kids. Heartless of you, sad for followers",0
333,RT : The bottom line is we really don‚Äôt know a lot about kids and coronavirus because we did the right thing and closed schools in‚Ä¶,1
334,"RT : ‚ÄúIt is in the public health interest of K-12 children to be back in school....we need to get on with it.‚Äù - Dr Redfield, CD‚Ä¶",1
335,RT : The second wave is said to be on its way. And yet there‚Äôs still SO little scientists actually know about the global pandemic th‚Ä¶,0
336,"RT : This kind of loss is unamginable. To all of you who choose to party, walk out of your home without a mask, disregard t‚Ä¶",1
337,"This is a poor plan; expect the same problems with the #NFL. Leagues that are getting it right are the and , the latter, playing entirely here in Canadaüá®üá¶ #MLB and NFL should have been more creative, and safe #sports #COVID19",1
338,"They are being silenced by liberals, fake news media, social media, TV doctors,and so called experts like Fauci. We desperately want real doctors to have as much input as Fauci or the CDC. Doctors who actually treat Patients.",0
339,"RT : i miss my life pre-corona. i mean, it wasnt by any means ‚Äòbetter‚Äô for me, but at least i wasnt waking up everyday to thousands‚Ä¶",1
340,My father worked at that same facility for 30 years and was there when anthrax came through. During that time I was constantly picking his brain about the postal process. So unlike a lot of the other temporary work hired during the high covid-19 volume I actually understood a lot,1
341,Well said-COVID should not become an Excuse for accelerating & Exploiting Climate Change! You did speak piratical and to the point- COVID IS AN EMERGENCY OF TODAY CLIMATE IS AN URGENCY FOR TOMORROW Both are as Important- Let's live 2 day to see 2morrow!,1
342,RT : Anti COVID vaccine in the US is on 3rd human trials . I will wait for that with a prayer . ayaw ko ng made in China .,1
343,The deficit was getting pretty bloated before the pandemic. How many trillions since then? Trump will promise perfect healthcare and lots of other goodies to get your vote but we will never see him follow through with anything.,1
344,17) Sports began to return this week. A few days after the season started most members of the Florida Marlin's tested positive for COVID-19. They may have to take a private bus from Philadelphia to Miami to return home.,0
345,"When people say that COVID is a hoax for US political reason, are they saying the whole world was in on this? Just want to clarify their implications",0
346,"RT : This is a lie. It is a ridiculous and dangerous lie. How many of you have been tested at least twice? My guess is, unless‚Ä¶",0
347,RT : I can‚Äôt imagine how hard it is for people who were not allowed to say goodbye to their loved ones to watch John Lewis‚Äôs fu‚Ä¶,0
348,"Assuming that the virus was transmitted from China to the United States (the origin of the virus needs to be verified), why didn't your president control it at the very beginning, which led to this situation? Can you think it's China's fault",0
349,"I could try pointing to the mask wearing, or social distancing, but I see your profile is full of hatred, so there is no point trying to convince you.",0
350,"Please don‚Äôt. You aren‚Äôt a reliable source And I don‚Äôt trust your judgement. I watched my dad die from COVID in April. I tested positive in May, mild case. I had weeks in quarantine to do nothing but read up on this. Please stop or I‚Äôll have to block you.",0
351,RT : We‚Äôve been surprised with an emergency vet bill of ¬£873 and we‚Äôre struggling to even pay rent due to covid and my dad unab‚Ä¶,0
352,RT : You can always count on Rep. Jim Jordan to call out BS where ever you he sees it! Dr. Fauci and his REFUSAL to say #Bla‚Ä¶,0
353,"I sincerely doubt that. In fact, I doubt you have the virus at all. I think you're doing this to sell hydroxychloroquine. In a couple of weeks, you'll claim to be ""cured"" by your quack remedy. Of course, if you die of COVID, I'll be proven wrong.",1
354,"Undocumented immigrants have been facing monumental obstacles trying to survive the pandemic. With no financial relief, and lack of access to testing & care, on top of attacks on the community. What's your story? Share with . Text UndocuUnderCovid to 877-877",0
355,"RT : AZ #Covid hospitalizations: down 35% from peak 18 days ago. CA: down 8%, peak 10 days ago. FL: down 14%, peak 10 days ago‚Ä¶",1
356,"Q: Will Herman Cain‚Äôs Death Change Republican Views on the Virus and Masks? A: No. The messaging I have seen from the right says he died from colon cancer, no mention of COVID-19, despite his reported recovery from cancer years ago, so, no, I don't think it will change anything",1
357,RT : ‚ÄúThe hard truth is that some people are still going to get Covid in Britain and a small number of them are going to die.‚Ä¶,0
358,RT : CDC has awarded a total of $3 million to 7 communities to scale up quality #HIV prevention services in #STD clinics as part of‚Ä¶,1
359,"RT : ‚ÄúDozens‚Äù showed up so he could waste $200,000 AN HOUR for the use of Air Force One while we have how many people unempl‚Ä¶",1
360,RT : One of the things I do for a living is design governance models. I'm very good at it. People pay me lots of money to do it. Wh‚Ä¶,1
361,"Yes yes check & balances. Can we start working together to rid covid19 now, please. Cooperation at all levels 9f government. No leviathon",1
362,"RT : The Lame Stream Media will come up will peddle and focus on more fear with COVID 19, to bypass the #EpsteinFiles as much as t‚Ä¶",0
363,"Wow the NFL, NBA, and NHL are getting better covid testing than medical front liners...they get tested daily and we get tested ONLY if we get exposed and have symptoms! How screwed up is that?",1
364,"RT : Dems see lockdowns as a means to an end, the virus as a political opportunity to exploit. Win the White House by any mea‚Ä¶",0
365,RT : NEWS: GOP Rep. Will Hurd told me today that he now doesn't know whether he'll vote for Trump this fall. When asked about d‚Ä¶,0
366,RT : You worked overtime to pass tax cuts for the rich 3 years ago. You waited 2 months to start working on another COVID reli‚Ä¶,0
367,RT : Thousands headed to Brighton beach - despite the risk of #coronavirus - on the hottest day of the year so far. Read more: htt‚Ä¶,0
368,Throughout this pandemic it has shown me the type of fellowship I taught I had was really never there. It is now that I am experiencing true authentic fellowship that I've long for.,1
369,"RT : I just crossed the 4 month mark of being sick w' #COVID19. I am young, & I was healthy. Dying is not the only thing to wor‚Ä¶",1
370,RT : not only is this cop a dick who just told protestors they should basically shut up and get over it - he also ~doe‚Ä¶,1
371,"You know the argument ""If we pay people too much in COVID aid, they won't go to work""? That is the friggin' point! We don't want anyone to feel the need to work, so we can prevent the further spread of this disease!",1
372,"RT : 13 states are in the red and Harvard experts are saying that these states need to lock down now, so that the virus can‚Äôt‚Ä¶",0
373,"RT : ""A virus is far too small to be stopped by a mask"" This is really simple. A virus IS too small to be stopped by a mas‚Ä¶",0
374,"RT : 700 more Covid cases overnight in Iowa. And 11 more dead! I'd like to know the ""REAL"" numbers in this fucking state but the G‚Ä¶",0
375,"RT : Elkhart County will join the rest of Indiana in stage 4.5 of the Back on Track plan tomorrow, Aug. 1. Dr. Lydia Mertz cite‚Ä¶",0
376,RT : I'm a physician. I work in the OR where I feel as safe as I can be in a pandemic. My daughter is a high school teacher i‚Ä¶,0
377,"It's a mistake for your mother to give birth to you, and it's another mistake for God not to infect you with the virus. Don't always say it's China's fault!",0
378,RT : YEAH I HAVE A DOG AT HOME HIS NAME‚ÄôS MAX YOU SHOULD MEET HIM. IVE ALSO GOT MARIO KART HEHE. AND DONT WORRY IVE GOT WORK I‚Ä¶,1
379,"Just thoughts on my mind bro. From the Saudis trying to buy Newcastle, to FIFA president arrested for corruption, NBA returning in the pandemic, Beyonce album with African culture. Just a lot of discussions at once",1
380,"Depends on the topic. Mitigating a global pandemic, sure it‚Äôs Fauci. Turning a blind eye to abuse and getting away with it, not sure Fauci is your guy.",1
381,"Not to mention the issues that follow people with foreclosures and evictions. Some people won't recover from that. If we can bail out banks and big business, we ought to be able to help regular people through a pandemic.",0
382,But But But I thought Biden was gonna get schooled by the Chinese... These idiots actually thought only Dem cities would get infected with a virus.....Stupid is as stupid does momma always says.,0
383,RT : This Lockdown Housemates gats to be the most boring HMs ever on the show. Can we just have a Recap of Last ye‚Ä¶,1
384,"If Russians want to help America get healthcare and pretend to be a civilized nation, who am I to turn that away? Maybe we could have had a better response to this pandemic.",0
385,"RT : This kind of loss is unamginable. To all of you who choose to party, walk out of your home without a mask, disregard t‚Ä¶",0
386,"There is no COVID problem. And didn‚Äôt Fauchi say he, Trump, was doing all he possible could. No problem and your ill informed of the actually facts.",0
387,"RT : So Dems and the media are fine with this I'm sure, but it's too dangerous for people to vote in person or bury their lo‚Ä¶",0
388,RT : HOW COULD THIS BE? I got pretty rev'ed up today on . How could it be that the nation that leads the world in Sci‚Ä¶,0
389,RT : I wish we could do a 3 week national lockdown; pay each household 1000 per week to stay home; require & provide masks to *‚Ä¶,1
390,"Such bullshit. I‚Äôm sorry, but releasing non violent criminals is one thing... but the courts have NO BUSINESS releasing violent criminals. I don‚Äôt give a s-t if there‚Äôs COVID...it‚Äôs part of the consequences of being a violent POS.",1
391,Decided im just gonna sit back and enjoy sports. Not gonna worry about what could happen. Wear a mask. Social distance. Let‚Äôs beat this for good. Enough already.,0
392,"RT : oh hey don't mind me it's me & my hubs on our wedding day on a mountain 12,000 ft above sea level eloping & what not in a p‚Ä¶",1
393,"RT : From the NBA to Vegas casinos, everyone is clamoring for the $299 Oura ring. But not even the startup knows if it can actually d‚Ä¶",1
394,RT : SMCM is making students get a covid test 7-10 days before move in day. Results take up to two weeks to get back. This m‚Ä¶,0
395,"RT : People of colour make up 83 per cent of reported COVID-19 cases in Toronto, but they only make up half of the city's po‚Ä¶",1
396,I am both a teacher AND a parent. I understand the predicament that parents are in. I have been away from my children for 4 hours max since March 16th. But it is irresponsible to send them in practicing social distancing and wearing masks when adults cannot act accordingly.,0
397,RT : My sister is a teacher. I love my sister. I do not want my sister to get sick. I know not everyone dies from COVID but some‚Ä¶,0
398,"I get masks even though a buncha people including fauci, the CDC and WHO have all said they‚Äôre not scientifically proven. if sprouts starts telling me I have to wear goggles to buy my damn plantain chips, we‚Äôre living in a simulation. 2020 is broken. Gimme the reset button!",0
399,"RT : So Dems and the media are fine with this I'm sure, but it's too dangerous for people to vote in person or bury their lo‚Ä¶",1
400,That‚Äôs funny. Tom Hanks and his wife said they were given Chloroquine in Australia when they had Covid19 and they were cured.,0
401,RT : You worked overtime to pass tax cuts for the rich 3 years ago. You waited 2 months to start working on another COVID reli‚Ä¶,0
402,RT : Her driver of many years was literally a Chinese spy. He heard everything that was said at the back seat of her car and wa‚Ä¶,0
403,"clutching your pearls and crying‚ÄùEek!‚Äù does nothing to stop the deadly spread of Covid 19. Your insincerity rings through. More than 153,000 dead over 5 months, idiot! Shame on you and on your self righteous garbage!",0
404,"Assessing work of breathing (WOB) in #COVID patients: ""When gauging sternomastoid activity, I do not rely on inspection"" ""Palpation of the sternomastoid muscle, and detection of phasic contraction, is the most direct sign on physical examination of increased WOB"" Tobin",1
405,"Is that logical? Because the same holes in the mask are there when you breathe in and out. The virus is too small to be contained by these masks. Thus, manufacturers warnings their product does not protect against the Covid virus.",0
406,"RT : This shit, like the lockout at Woolies, has to blow up in the face of these companies, right? We haven't yet become so neol‚Ä¶",0
407,"#coronavirus update in #Austria. New cases confirmed 175, new recovered 130. Total cases in Austria confirmed 21130, recovered 18758, deaths 718. +0.84% daily cases increase, 175 reported today UTC time.",1
408,"RT : It is not okay that 36,000 Indians have died in a span of 4mons... but the govt is investing money/time in building a te‚Ä¶",1
409,"RT : I want schools to reopen just as much as the next person, but I won't send my daughter to school if it isn't safe. How ca‚Ä¶",0
410,"She did this on Whiskey Jam's live streams at the height of the pandemic. One take, her and the piano, questionable camera work. One of the most powerful performances I've ever seen someone that young do. Watch it about once a week. So good..",1
411,Not in KY. can not pass a law without legislature being in session. They haven‚Äôt been in session since Jan. Wear your mask. I‚Äôm not caving to the gvnmt. As I‚Äôve said before. A mask becomes a vaccine then a chip. A chip is eternal damnation in a Christian‚Äôs belief.,0
412,"RT : This kind of loss is unamginable. To all of you who choose to party, walk out of your home without a mask, disregard t‚Ä¶",0
413,"Were they the ones that let a pandemic run wild? Sent secret police after unarmed protestors? Or produced a bill that cut benefits for the poor and enriched wealthy donors? Naw, that was your team. We'll never forget or forgive you trunts that let it happen.",1
414,"How long has HCQ been used in USA? When did FDA approve it for other uses? When did patent run out on HCQ? Why are there hundreds of docs/medical professionals & patients reporting that it has saved lives, yet the media, CDC, WHO and FDA censor & REFUSE to acknowledge them?",0
415,Meanwhile in Georgia sleep away camp where scoresbof children got a healthy dose of optimism and sports also got the Covid virus and are now suffering more severe problems than adults. Your concern for children should first be health.,0
416,RT : NEWS: GOP Rep. Will Hurd told me today that he now doesn't know whether he'll vote for Trump this fall. When asked about d‚Ä¶,1
417,"RT : How sweet of Stephen Miller to hold on to his wife on a slippery surface, while holding an umbrella over her to shield h‚Ä¶",1
418,"RT : This kind of loss is unamginable. To all of you who choose to party, walk out of your home without a mask, disregard t‚Ä¶",1
419,The other day they forgot a whole part of my order. I'm trying to be like oh it's covid times but also I WANT MY FOOD I HAVE SO LITTLE I WANT RN,1
420,"RT : A new poll shows trust in the media during the COVID-19 crisis has plummeted, one of the very few businesses to have a decline i‚Ä¶",1
421,"RT : daily reminder that the government does not and has never given a shit about you, you are a pawn in their game for wealth and‚Ä¶",0
422,You need to worry less about people donating to you and start to voice your disapproval in the senate where they can‚Äôt agree on funding for the people during this pandemic it shows what kind of leaders we have in America when millions of people are going without do to the government,0
423,RT : The first 4 doctors to die of covid were Muslims. So many BAME key workers in the NHS & elsewhere have made the ultimate‚Ä¶,1
424,"Yeah. Taking out the group that trained scientist three months before a pandemic must of been horrible. Guess another 90 days of training would have helped, or maybe the 20% of pandemic program that was cut here wasn't working well since the article says it may not have helped.",0
425,"That narrative that people are getting positive results after scheduling but not taking covid tests. I‚Äôve heard it on Facebook too and it‚Äôs never been verified or found to have happened, therefore it‚Äôs a hoax.",0
426,"Dany Shoham, a former Israeli military intelligence officer who has studied Chinese biological warfare, said the [Wuhan] institute is linked to Beijing‚Äôs covert bio-weapons program. What would he know?",1
427,"hey Ganit I loved your piece about switching barbers. So my old barber was good, but before covid I went to a new guy a couple of times at a new shop and loved it. Turns out my old barber now works at the shop my new guy is at. I want to go but how do I even begin...",0
428,"iOS 13 is required for ‚Äåexposure notification‚Äå apps, as iOS 14 public beta does not support the API. FYI, Settings > Privacy > Health will show that COVID-19 Exposure Logging is off. You likely will be unable to turn it back on as the feature is ‚Äònot available in your region‚Äô.",1
429,RT : I sometimes think we forget that this virus is nobody's fault and everybody is just doing the best they can to deal with it‚Ä¶,1
430,"Homeless people everywhere this shit don't make any damn sense at all , #COVID19 is an invisible killer while homelessness have been a ignored human issue far to long .their is a lot of fixing that should have been fixed in America .",1
431,RT : The first 4 doctors to die of covid were Muslims. So many BAME key workers in the NHS & elsewhere have made the ultimate‚Ä¶,0
432,"I think that HCQ should be available over the counter. Being that HCQ is one of the safest drugs in the World and that it has no scientific proof to be effective as a treatment or profaxias against Covid-19, there is no need to control its distribution and consumption.",0
433,"In every country in the world, COVID was not a political debate .... except in the US and Bresil. Trump and Bolsonaro are the same. MORONS",0
434,"Mail carriers are extremely backed up because of Covid. Unfortunately once Ipsy sends package out with the delivery team they can‚Äôt control the speed. Ipsy is great with keeping an eye if there is an actual problem with the delivery process, hold tight!",1
435,"Don't sweat it. You know where his energy is being spent. Golfing tomorrow, fund raiser in the evening, golfing on Sunday and in between...bitch tweeting to keep his white supremacist base happy. No COVID, No race relations...those are hard.",0
436,"but without everyone working together, i.e. masks that work, a national synchronized plan for testing, and correct social distancing..it‚Äôs just not going to go away without a cure or vaccine.",1
437,RT : I don‚Äôt really care if you want to give yourself a heart attack but it must be nice to make your own medical choices rather tha‚Ä¶,0
438,RT : Thousands headed to Brighton beach - despite the risk of #coronavirus - on the hottest day of the year so far. Read more: htt‚Ä¶,0
439,"Exactly, they‚Äôl be conked out their brains and wont be social distancing at all... but yaknow don‚Äôt meet your family cause you‚Äôl be the reason for another outbreak",0
440,RT : MLB Commissioner Rob Manfred warned union leader Tony Clark in a Friday call that if the league and players don't do a better job‚Ä¶,0
441,"Hell, they have enough money they could go on strike until change is made. It wasn‚Äôt hard for some to opt out of the season due to covid. Why can‚Äôt the opt out for change?",0
442,"...while his mismanagement of the pandemic, his incompetence is responsible for the deaths of over 150,000, a disproportionate number of which are elderly. He isn't protecting them. He's killing them.",1
443,Is it all about #Election2020 + #vaccines ? Has DC and CA done a sell-out - on the USA? #coronavirus #BLM #antifas #MailInVoting China ?,0
444,RT : Hey guys - I‚Äôm partnering w the to provide masks to kids in Arizona. Every $3 donated provides a mask to a kid (made‚Ä¶,1
445,"The inclusion of ‚Äúmulticultural‚Äù is obviously troubling, but I think it‚Äôs true that lack of consensus is taking a serious toll, including in the coronavirus response. Surely you agree that the type of ‚Äúfreedom‚Äù invoked by those refusing to wear masks isn‚Äôt true freedom?",1
446,"RT : This is a call to any comrades who may be around the Dallas Ft. Worth area, but I'm going to be on the streets tonight. I‚Ä¶",0
447,"He is not wrong about red states politics, however, it‚Äôs poor people who are suffering the consequences of this pandemic, since the rich can afford quality healthcare inside and outside their states.",1
448,"If Covid-19 really makes Trump a wartime president, instead of sharing videos from con artists pretending to be doctors on the front lines he should be calling out those fake doctors for stolen valor.",0
449,"RT : Question of the Day: What is a drug that has been used all over the world to treat malaria & has been effective, accord‚Ä¶",0
450,"Not sure about that. But certainly not in terms of actually reducing the spread of the pandemic. I'm not a doctor, but I look for effective outcomes. Duque has failed at every level.",0
451,"Trump held an event with law enforcement today, in Florida. NO MASKS, NO SOCIAL DISTANCING. In a hot spot. That‚Äôs how little Trump cares about people.",1
452,RT : The first 4 doctors to die of covid were Muslims. So many BAME key workers in the NHS & elsewhere have made the ultimate‚Ä¶,1
453,"RT : I don‚Äôt actually know you so i can‚Äôt really weigh in on the ‚Äúkool‚Äù... however, what i do know is that if you wear the mask i‚Ä¶",0
454,RT : The words ‚ÄúCovid and Cambria‚Äù came to my head and I can‚Äôt stop laughing because stupid word play is how I cope with shit.,0
455,"You are an idiot - no one could‚Äôve done what he has done amassing the COVID supplies, closing our borders, increasing our military and bringing back jobs. You‚Äôre just pissed he realized you were a moron. So go hang out with your wife who you cheated on...",1
456,"RT : I want schools to reopen just as much as the next person, but I won't send my daughter to school if it isn't safe. How ca‚Ä¶",1
457,"We are SO far behind in testing volume and turnaround time it‚Äôs pathetic. We need to be doing AT LEAST 2.3M tests daily with a turnaround time of <48 hours, preferably <24 hours. This is how countries like South Korea (300 deaths) managed the pandemic. Trump has failed America.",0
458,RT : FOR THE LOVE OF METAL LIVE IS AVAILABLE NOW! ARE YOU SICK OF THE COVID WORLD?! HERE'S MUSIC AND VIDEO TO GET FUCKING PISSED‚Ä¶,0
459,"Your grammar and punctuation are unbecoming of a college educated President. Please read up on punctuation for essential and nonessential clauses. You, sir, have unfortunately shown yourself to be nonessential in leading to curb this pandemic.",1
460,"RT : This is a tragic loss to the community, to Ontario and to Canada. And it‚Äôs directly because of funding issues. I ask the p‚Ä¶",0
461,"RT : Daily reminder that black lives matter, trans rights are human rights, you need to register to vote if you are of age in t‚Ä¶",0
462,RT : NEWS: GOP Rep. Will Hurd told me today that he now doesn't know whether he'll vote for Trump this fall. When asked about d‚Ä¶,1
463,"#JoinUsGavin! We‚Äôre frontline public health workers, teachers & parents who know children need smaller class sizes, #SmallBiz owners who need tax relief, people tired of paying more while corps pay less, local leaders managing budgets devastated by COVID19. #YesOn15",0
464,"RT : ""No, I don't think he did"" -- Trump dubiously claims that Herman Cain, who died from Covid after attending a Trump rally in wh‚Ä¶",1
465,"You & your so-called Coronavirus ""Task Force"" couldn't find your asses with a map, a GPS & and a Geiger Counter. You're an accessory to genocide.",0
466,"RT : Because it‚Äôs been a long held tenet that and I drink the same drink, I must confess to her that I have a n‚Ä¶",0
467,"RT : Bill Clinton on Epstein‚Äôs island with 2 young girls and a person named Emmy. Wait, I heard a pin drop. MSM are so silent abou‚Ä¶",1
468,RT : Hey guys - I‚Äôm partnering w the to provide masks to kids in Arizona. Every $3 donated provides a mask to a kid (made‚Ä¶,1
469,I mean I guess you have a point but seems like the protocols were doing quite well outside of Miami. I assume they are delaying games in hope of the stricter guidelines helping contain COVID some more (like the new no-leaving-away-hotel),1
470,"RT : I don‚Äôt care what anyone says, Dr. F is a fraud and has been wrong on everything. We need to stop listening to this insu‚Ä¶",0
471,"RT : So Dems and the media are fine with this I'm sure, but it's too dangerous for people to vote in person or bury their lo‚Ä¶",1
472,"Exactly, and some idiots think that is Trump's fault and strictly only about COVID19. One could say that Cain died from complications from colon cancer just the same.",1
473,The first image is the conclusion of studies and the studies they came from. I also provided a study from the CDC from a few months ago. There are easier ways to say you can‚Äôt refute this information. Perhaps it is you who hasn‚Äôt done much research,0
474,Filming BABY SHOES (and a filming-during-COVID safety video) tomorrow. I'm excited and feel VERY safe. We have taken major precautions and basically won't come within 10 feet of each other. But I'd appreciate any well wishes to the filmmaking gods all the same!,0
475,"RT : In an interview, a Texas man talks about how his belief that the coronavirus was a Democratic hoax led him to have a pa‚Ä¶",0
476,"Saying things now that you should've said 5 months ago? Disingenuous. You do not care. You were willing to allow ""blue states"" to drown with Covid w/o plans. You realize Rs live in blue states & vice versa? Sociopaths can mimic but are unable to have real feelings about others.",1
477,RT : If the weather is nice enough in Florida to hold an outdoor campaign rally then it is nice enough for the state to keep th‚Ä¶,1
478,"Have you seen Portland and Seattle? NYC,Chicago, etc etc. have you not seen how the Chinese government in partnership with the Democrat party use the virus to shutdown the economy of the nation? The CDC in Cahoots with big pharmaceutical? That‚Äôs precisely why.",0
479,"üí≠: Just curious, who here has been affected by COVID-19; either directly or indirectly - e.g. has/had, knows someone who has/had the virus? Also, I know COVID-19 has affected us all, or at least many of us, in some way or another .. but my question relates to the virus itself.",0
480,RT : I don't like being in a pandemic with y'all. It's like being on silent lunch but we keep getting days added on bc y'all‚Ä¶,1
481,"So this whole the dem governors are at fault is terrible logic. Ask yourself who is in charge in a pandemic situation, the federal government. Trump said he was in charge but didn‚Äôt do ANYTHING to help the process, except to sow confusion.",1
482,RT : The fact he thinks shutting a bar down at 10 pm has anything to do with this shows the governor is insanely out of touch with‚Ä¶,1
483,"This article carries more properties of propaganda than of a scientific research, or of a credible official recommendation. Any COVID-19 propaganda (aka ""punchy headline) is dangerous - poorly misinformed activism. Let's execute care: for info, and for each other.",1
484,RT : I can‚Äôt imagine how hard it is for people who were not allowed to say goodbye to their loved ones to watch John Lewis‚Äôs fu‚Ä¶,0
485,"RT : It's time to discuss the current state of the NFL under COVID19, the top 100 list and more as we vibe to lofi! I will al‚Ä¶",1
486,"Just so you know, HCQ is an OVER THE COUNTER DRUG in sub-Saharan African countries. It was offered over the counter in France, until the day POTUS came out and suggested it might work on COVID. They pulled it then.",0
487,RT : Sort of obsessed with how Miller doesn't either offer his umbrella to his wife or at least try to hold it over her as t‚Ä¶,0
488,"RT : With so many working from home to stay socially distanced these days, we made a video to salute our furry ""co-workers"" at the C‚Ä¶",0
489,"That's cool So when we were speculating that the non-response to covid was our government trying to kill us at the start we actually weren't that far off Every time I think things can't suck more, there's more",0
490,"Joe Biden doesn't like the coronavirus because he cannot sniff kids anymore. Stay 6 feet away from all kids #Biden even after the coronavirus is over, you old perv.",0
491,"RT : The Lame Stream Media will come up will peddle and focus on more fear with COVID 19, to bypass the #EpsteinFiles as much as t‚Ä¶",0
492,The US subsidizes too many countries in aid money. Canada even gets millions a year from the US even though its a first world country. Pelosi put millions in foreign aid in the first COVID Relief package.,0
493,Not to defend this person or anything but the pandemic is only really growing stronger in the US and a couple other countries. Most places have numbers far below their peaks at this point.,1
494,RT : I'm a black trans woman who has no income due to covid-19 so I'm reliant on donations to pay rent and for food. You ca‚Ä¶,1
495,Homeless aren't dying because COVID is smart enough not to get near San Francisco!! Hell it does not even want to go to Portland; I mean can you blame COVID; I would not be caught in either of those places.,0
496,"RT : ""The Key to Defeating COVID-19 Already Exists. We Need to Start Using It "" -- Harvey A. Risch, MD, PHD , Professor Of Epidem‚Ä¶",0
497,Because it includes pork in the form of F-35 bombers and a new FBI complex. We are sick and tired of your lying and gaslighting America. You are a failure and by the time you are voted out more Americans will die from COVID than the civil war which cost over 200000 lived.,1
498,"RT : We have a long way to go and we've lost far too many lives, but this is a testament to the work we're doing here in Jersey.‚Ä¶",0
499,"And magically people will hear about us. Because you know its not like we haven‚Äôt been on strict lockdown for several months. Yeah guys lets grab the guns we dont have, go to the base we dont have, with the people we dont have and just engage in PPW. Are you always this mental??",0
